<?xml version="1.0" encoding="UTF-8" standalone="yes"?>
<addon id="plugin.video.tamilstreamer" name="TamilStreamer" version="1.0.4" provider-name="Dilip">
  <requires>
    <import addon="xbmc.python" version="2.24.0"/>
    <import addon="script.module.xbmcswift2" version="2.4.0"/>
    <import addon="script.module.beautifulsoup4" version="4.3.2"/>
  </requires>
  <extension point="xbmc.python.pluginsource" library="addon.py">
    <provides>video</provides>
  </extension>
  <extension point="xbmc.addon.metadata">
    <platform>all</platform>
    <language></language>
    <summary>The best addon Tamil addon for KODI</summary>
    <description>Tamil entertainement addon for Kodi</description>
  </extension>
</addon>
