<?xml version="1.0" encoding="UTF-8" standalone="yes"?>
<addon id="plugin.video.tamilstreamer" name="TamilStreamer" version="1.0.2" provider-name="Dilip">
  <requires>
    <import addon="xbmc.python" version="2.1.0"/>
    <import addon="script.module.xbmcswift2" version="2.4.0"/>
  </requires>
  <extension point="xbmc.python.pluginsource" library="addon.py">
    <provides>video</provides>
  </extension>
  <extension point="xbmc.addon.metadata">
    <platform>all</platform>
    <language></language>
    <summary>Summary for "TamilStreamer"</summary>
    <description>Description for "TamilStreamer"</description>
  </extension>
</addon>
